Subset,MAE,MSE,RMSE,R2
seasonal,118.38868819488778,27626.786712844783,166.21307623903957,0.740224591668467
lag,116.28226086214015,28031.76634722943,167.42689851762,0.7364165574232353
hybrid,128.91576491381284,31955.85518564293,178.76200710901333,0.6995182459792146
