subset,MAE,MSE,RMSE,R2
lag,189.2858171,68450.34758,255.7719012,0.600643444
economic,160.7415496,52537.87362,218.1699833,0.847768843
weather,299.5327209,144586.4065,360.7314208,0.514791147
seasonal,188.4266169,65321.02792,248.9486404,0.729493455
